processing_time,resource_amount
7.792268674427207,0.9912935732267203
5.825332924649765,1.6882260215840494
3.588485668228091,1.4160650805364101
